Carrera,Corredor_1,Cuota_1,Cuota_2,Corredor_2,Prediccion,Porcentaje,Resultado,Apostado,Rentabilidad,total
Giro 7,Aurelien Paret-Peintre,1.4,2.75,Domenico Pozzovivo,Aurelien Paret-Peintre,0.95277,1.4,25,8.69,403.27
Giro 7,Ben O'Connor,1.66,2.1,Alexei Lutsenko,Ben O'Connor,0.91705,1.66,25,8.69,403.27
Giro 7,Cian Uijtdebroeks,1.36,3,Jan Hirt,Cian Uijtdebroeks,0.99821,1.36,25,8.69,403.27
Giro 7,Deniel Felipe Martinez,1.33,3.25,Luke Plapp,Deniel Felipe Martinez,0.99837,0,25,8.69,403.27
Giro 7,Filippo Ganna,1.28,3.5,Magnus Sheffield,Filippo Ganna,0.99998,1.28,25,8.69,403.27
Giro 7,Jan Tratnik,2.1,1.66,Maximilian Schachmann,Jan Tratnik,0.91863,0,25,8.69,403.27
Giro 7,Josef Cerny,2,1.72,Daan Hoole,Daan Hoole,0.76844,1.72,25,8.69,403.27
Giro 7,Juanpe Lopez,1.83,1.83,Einer Rubio,Juanpe Lopez,0.76364,1.83,25,8.69,403.27
Giro 7,Mauri Vansevenant,1.72,2,Alex Baudin,Alex Baudin,0.84453,2,25,8.69,403.27
Giro 7,Michael Hepburn,1.57,2.25,Edoardo Affini,Michael Hepburn,0.75125,0,25,8.69,403.27
Giro 7,Stefan De Bod,1.66,2.1,Rainer Kepplinger,Stefan De Bod,0.97079,0,25,8.69,403.27
Giro 7,Tadej Pogacar,1.16,4.5,Geraint Thomas,Tadej Pogacar,0.97599,1.16,25,8.69,403.27
Giro 7,Thymen Arensman,1.72,2,Antonio Tiberi,Thymen Arensman,0.96435,1.72,25,8.69,403.27
Giro 14,Antonio Tiberi,1.4,2.75,Daniel Felipe Martinez,Daniel Felipe Martinez,0.82839,0,33,14.42,460.35
Giro 14,Ben O'Connor,1.28,3.5,Filippo Zana,Ben O'Connor,0.99841,1.28,33,14.42,460.35
Giro 14,Daan Hoole,2,1.72,Edoardo Affini,Daan Hoole,0.99723,0,33,14.42,460.35
Giro 14,Filippo Ganna,1.2,4.33,Otros Participantes,Filippo Ganna,0.99707,1.2,33,14.42,460.35
Giro 14,Jasha Sutterlin,1.53,2.37,Jan Tratnik,Jan Tratnik,0.98823,2.37,33,14.42,460.35
Giro 14,Josef Cerny,1.83,1.83,Maximilian Walscheid,Josef Cerny,0.73567,0,33,14.42,460.35
Giro 14,Lorenzo Fortunato,1.61,2.2,Einer Rubio,Lorenzo Fortunato,0.73384,1.61,33,14.42,460.35
Giro 14,Lorenzo Milesi,1.5,2.5,Michael Hepburn,Lorenzo Milesi,0.53537,1.5,33,14.42,460.35
Giro 14,Magnus Sheffield,1.4,2.75,Thymen Arensman,Thymen Arensman,0.77611,2.75,33,14.42,460.35
Giro 14,Maximilian Schachmann,1.57,2.25,Lucas Plapp,Maximilian Schachmann,0.9996,0,33,14.42,460.35
Giro 14,Rainer Kepplinger,2,1.72,Stefan De Bod,Stefan De Bod,0.98873,1.72,33,14.42,460.35
Giro 14,Tadej Pogacar ,1.3,3.4,Geraint Thomas,Tadej Pogacar ,0.9933,1.3,33,14.42,460.35
Dauphine 4,Bruno Armirail,1.72,2,Alexander Vlasov,Bruno Armirail,0.84429,1.72,25,-11.27,433.12
Dauphine 4,Carlos Rodriguez,1.28,3.5,Sepp Kuss,Sepp Kuss,0.94782,0,25,-11.27,433.12
Dauphine 4,Fred Wright,1.5,2.5,Luke Durbridge,Fred Wright,0.98266,1.5,25,-11.27,433.12
Dauphine 4,Ilan Van Wilder,1.44,2.62,Neilson Powless,Ilan Van Wilder,0.99926,0,25,-11.27,433.12
Dauphine 4,Joshua Tarling,1.61,2.2,Remco Evenepoel,Remco Evenepoel,0.99933,2.2,25,-11.27,433.12
Dauphine 4,Louis Meintjes,1.61,2.2,Guillaume Martin,Guillaume Martin,0.57875,0,25,-11.27,433.12
Dauphine 4,Matteo Sobrero,1.57,2.25,Jonathan Castroviejo,Matteo Sobrero,0.99908,1.57,25,-11.27,433.12
Dauphine 4,Magnus Cort Nielsen,1.83,1.83,Derek Gee,Magnus Cort Nielsen,0.99545,0,25,-11.27,433.12
Dauphine 4,Matteo Jorgenson,1.33,3.25,Tao Geoghegan Hart,Matteo Jorgenson,0.95804,1.33,25,-11.27,433.12
Dauphine 4,Primoz Roglic,1.44,2.62,Juan Ayuso,Primoz Roglic,0.91077,1.44,25,-11.27,433.12
Dauphine 4,Romain Gregoire,1.57,2.25,Oier Lazkano,Romain Gregoire,0.97787,0,25,-11.27,433.12
ZLM 1,Gleb Syritsa,1.72,2,Casper Van Uden,Gleb Syritsa,0.76593,1.72,25,19.14,462.82
ZLM 1,Loe Van Belle,1.5,2.5,Maurice Ballerstedt,Loe Van Belle,0.97102,1.5,25,19.14,462.82
ZLM 1,Max Walker,1.57,2.25,Sjors Lugthart,Max Walker,0.74058,1.57,25,19.14,462.82
ZLM 1,Mike Teunissen,2.62,1.44,Arthur Kluckers,Mike Teunissen,0.71112,0,25,19.14,462.82
ZLM 1,Roel Van Sintmaartensdijk,1.72,2,Axel Van der Tuuk,Roel Van Sintmaartensdijk,0.77175,1.72,25,19.14,462.82
ZLM 1,Tim Van Dijke,1.4,2.75,Rune Herregodts,Tim Van Dijke,0.85254,0,25,19.14,462.82
ZLM 1,Tom Bohli,1.83,1.83,Mirco Maestri,Tom Bohli,0.98935,1.83,25,19.14,462.82
Suisse 1,Adam Yates,2.2,1.61,Isaac Del Toro,Adam Yates,0.81899,2.2,42,-23.18,355.72
Suisse 1,Alberto Bettiol,1.28,3.5,Samuel Watson,Alberto Bettiol,0.59086,0,42,-23.18,355.72
Suisse 1,Ethan Hayter,1.5,2.5,Yves Lampaert,Ethan Hayter,0.8894,0,42,-23.18,355.72
Suisse 1,Finn Fisher-Black,1.5,2.5,Mauro Schmid,Mauro Schmid,0.94759,0,42,-23.18,355.72
Suisse 1,Jan Christen,1.4,2.75,Marc Hirschi,Jan Christen,0.77409,1.4,42,-23.18,355.72
Suisse 1,Joao Almeida,1.36,3,Wilko Kelderman,Joao Almeida,0.99979,1.36,42,-23.18,355.72
Suisse 1,Johan Price-Pejtersen,1.44,2.62,Nelson Oliveira,Nelson Oliveira,0.99056,0,42,-23.18,355.72
Suisse 1,Mattias Skjelmose,1.66,2.1,Kevin Vauquelin,Mattias Skjelmose,0.84993,1.66,42,-23.18,355.72
Suisse 1,Maxim Van Gils,1.36,3,Ion Izagirre,Ion Izagirre,0.79525,0,42,-23.18,355.72
Suisse 1,Soren Kragh Andersen,1.83,1.83,Michael Matthews,Soren Kragh Andersen,0.95241,1.83,42,-23.18,355.72
Suisse 1,Stefan Kung,1.66,2.1,Stefan Bissegger,Stefan Kung,0.98528,0,42,-23.18,355.72
Belgium 1,Daan Hoole,1.83,1.83,Josef Cerny,Daan Hoole,0.92307,1.83,36,31.6,469.5
Belgium 1,Ivan Romeo,1.44,2.62,Per Strand Hagenes,Ivan Romeo,0.99294,1.44,36,31.6,469.5
Belgium 1,Jenno Berckmoers,1.44,2.62,Alex Aranburu,Alex Aranburu,0.75833,2.62,36,31.6,469.5
Belgium 1,Jonas Abrahamsen,4,1.22,Jasper Stuyven,Jasper Stuyven,0.99969,1.22,36,31.6,469.5
Belgium 1,Kasper Asgreen,1.53,2.37,Mathias Vacek,Kasper Asgreen,0.99851,0,36,31.6,469.5
Belgium 1,Mike Teunissen,2.5,1.5,Brent Van Moer,Brent Van Moer,0.98374,1.5,36,31.6,469.5
Belgium 1,Pierre Latour,1.57,2.25,Benoit Cosnefroy,Pierre Latour,0.99952,0,36,31.6,469.5
Belgium 1,Remi Cavagna,1.44,2.62,Mick Van Dijke,Remi Cavagna,0.95495,1.44,36,31.6,469.5
Belgium 1,Rune Herregodts,1.83,1.83,Alex Segaert,Rune Herregodts,0.91856,1.83,36,31.6,469.5
Belgium 1,Soren Waerenskjold,1.28,3.5,Edoardo Affni,Soren Waerenskjold,0.84529,1.28,36,31.6,469.5
Suisse 8,Egan Bernal,1.61,2.2,Matthew Riccitello,Egan Bernal,0.88567,0,43,-8.09,431.25
Suisse 8,Enric Mas,1.53,2.37,Felix Gall,Enric Mas,0.95477,1.53,43,-8.09,431.25
Suisse 8,Ethan Hayter,1.61,2.2,Finn Fisher-Black,Ethan Hayter,0.97014,0,43,-8.09,431.25
Suisse 8,Isaac Del Toro,1.28,3.5,Ben Tulett,Ben Tulett,0.99471,3.5,43,-8.09,431.25
Suisse 8,Joao Almeida,1.25,3.75,Adam Yates,Joao Almeida,0.98753,1.25,43,-8.09,431.25
Suisse 8,Marco Brenner,1.5,2.5,David de la Cruz,David de la Cruz,0.92413,2.5,43,-8.09,431.25
Suisse 8,Matteo Badilatti,1.5,2.5,George Bennett,George Bennett,0.99596,0,43,-8.09,431.25
Suisse 8,Mattias Skjelmose,1.33,3.25,Wilco Kelderman,Mattias Skjelmose,0.99483,1.33,43,-8.09,431.25
Suisse 8,Sergio Higuita,1.83,1.83,Wiliam Junior Lecerf,Wiliam Junior Lecerf,0.65084,0,43,-8.09,431.25
Suisse 8,Tom Pidcock,1.36,3,Oscar Onley,Oscar Onley,0.95881,0,43,-8.09,431.25
Suisse 8,Wout Poels,1.53,2.37,Pelayo Sanchez,Wout Poels,0.77459,0,43,-8.09,431.25
FRA-BE,Alec Segaert,1.5,2.5,Rune Herregodts,Alec Segaert,0.96348,1.5,62,4.57,451.05
FRA-BE,Jenno Berckmoes,1.5,2.5,Sander De Pestel,Sander De Pestel,0.65006,2.5,62,4.57,451.05
FRA-BE,Tim Wellens,1.22,4,Brent Van Moer,Tim Wellens,0.96837,1.22,62,4.57,451.05
FRA-BE,Benjamin Thomas,1.4,2.75,Thibault Guernalec,Benjamin Thomas,0.99932,0,62,4.57,451.05
FRA-BE,Bruno Armirail,1.4,2.75,Kevin Vauquelin,Kevin Vauquelin,0.83974,0,62,4.57,451.05
FRA-BE,Enzo Paleni,1.66,2.1,Aurelien Paret-Peintre,Aurelien Paret-Peintre,0.98282,2.1,62,4.57,451.05
FRA-BE,Remi Cavagna,1.33,3.25,Pierre Latour,Pierre Latour,0.96279,0,62,4.57,451.05
Tour 7,Bruno Armirail,1.57,2.25,Neilson Powless,Bruno Armirail,0.99551,1.57,30,13.27,510.75
Tour 7,Carlos Rodriguez,1.57,2.25,Alexdandr Vlasov,Alexdandr Vlasov,0.91592,2.25,30,13.27,510.75
Tour 7,Egan Bernal,1.33,3.25,Felix Gall,Egan Bernal,0.98069,1.33,30,13.27,510.75
Tour 7,Enric Mas,1.44,2.62,Mikel Landa,Enric Mas,0.89249,1.44,30,13.27,510.75
Tour 7,Geraint Thomas,1.61,2.2,Nelson Oliveira,Geraint Thomas,0.92038,0,30,13.27,510.75
Tour 7,Jack Haig,1.72,2,Chris Harper,Chris Harper,0.99361,0,30,13.27,510.75
Tour 7,Juan Ayuso,1.53,2.37,Joao Almeida,Juan Ayuso,0.87851,0,30,13.27,510.75
Tour 7,Laurens De Plus,1.66,2.1,Jai Hindley,Jai Hindley,0.90685,2.1,30,13.27,510.75
Tour 7,Lous Meintjes,1.53,2.37,Steff Cras,Steff Cras,0.89026,2.37,30,13.27,510.75
Tour 7,Matteo Jorgenson,1.5,2.5,Derek Gee,Matteo Jorgenson,0.67245,1.5,30,13.27,510.75
Tour 7,Peio Bilbao,1.36,3,Santiago Buitrago,Peio Bilbao,0.99744,1.36,30,13.27,510.75
Tour 7,Primoz Roglic,1.57,2.25,Jonas Vingegaard,Primoz Roglic,0.81853,1.57,30,13.27,510.75
Tour 7,Remco Evenepoel,1.36,3,Tadej Pogacar,Tadej Pogacar,0.80686,0,30,13.27,510.75
Tour 7,Stefan Bissegger,1.5,2.5,Luke Durbridge,Stefan Bissegger,0.99626,1.5,30,13.27,510.75
Tour 7,Wout Van Aert,1.83,1.83,Stefan Kung,Wout Van Aert,0.99469,0,30,13.27,510.75
Tour 21,Carlos Rodriguez,2.2,1.61,Adam Yates,Carlos Rodriguez,0.86072,0,34,-52.67,242.17
Tour 21,Giulio Ciccone,1.44,2.62,Steff Cras,Steff Cras,0.92777,0,34,-52.67,242.17
Tour 21,Guillaume Martin,1.57,2.25,Felix Gall,Felix Gall,0.97113,0,34,-52.67,242.17
Tour 21,Ilan Van Wilder,1.44,2.62,Jonathan Castroviejo ,Ilan Van Wilder,0.99998,1.44,34,-52.67,242.17
Tour 21,Jonas Vingegaard,1.25,3.75,Joao Almeida,Jonas Vingegaard,0.89442,1.25,34,-52.67,242.17
Tour 21,Kevin Vauquelin,1.28,3.5,Stefan Bissegger,Stefan Bissegger,0.92088,0,34,-52.67,242.17
Tour 21,Laurens De Plus,1.44,2.62,Jai Hindley,Jai Hindley,0.74869,0,34,-52.67,242.17
Tour 21,Matteo Jorgenson,1.16,4.5,Derek Gee,Matteo Jorgenson,0.86677,1.16,34,-52.67,242.17
Tour 21,Nelson Oliveira,2,1.72,Bruno Armirail,Bruno Armirail,0.9996,1.72,34,-52.67,242.17
Tour 21,Raul Garcia Pierna,1.4,2.75,Michael Matthews,Raul Garcia Pierna,0.98237,0,34,-52.67,242.17
Tour 21,Remco Evenepoel,1.44,2.62,Jonas Vingegaard,Remco Evenepoel,0.97971,0,34,-52.67,242.17
Tour 21,Romain Gregoire,1.72,2,Oier Lazkano,Oier Lazkano,0.63207,0,34,-52.67,242.17
Tour 21,Santiago Buitrago,1.66,2.1,Mikel Landa,Santiago Buitrago,0.72856,0,34,-52.67,242.17
Tour 21,Tadej Pogacar,1.53,2.37,Remco Evenepoel,Tadej Pogacar,0.99748,1.53,34,-52.67,242.17
Tour 21,Wout Van Aert,1.36,3,Matteo Sobrero,Wout Van Aert,0.99998,0,34,-52.67,242.17
JJOO,Derek Gee,2.1,1.66,Daan Hoole,Derek Gee,0.96484,0,23,32.36,324.07
JJOO,Jan Tratnik,1.53,2.37,Oier Lazkano,Oier Lazkano,0.90092,2.37,23,32.36,324.07
JJOO,Joshua Tarling,1.53,2.37,Filippo Ganna,Joshua Tarling,0.9994,0,23,32.36,324.07
JJOO,Magnus Sheffield,1.53,2.37,Stefan Bissegger,Stefan Bissegger,0.90361,2.37,23,32.36,324.07
JJOO,Mathias Vacek,1.53,2.37,Kevin Vauquelin,Kevin Vauquelin,0.99057,0,23,32.36,324.07
JJOO,Mattias Skjelmose,1.72,2,Soren Waerenskjold,Mattias Skjelmose,0.92663,1.72,23,32.36,324.07
JJOO,Michal Kwiatkowski,1.57,2.25,Ryan Mullen,Ryan Mullen,0.99154,2.25,23,32.36,324.07
JJOO,Nelson Oliveira,1.53,2.37,Felix Grossschartner,Nelson Oliveira,0.97079,1.53,23,32.36,324.07
JJOO,Remco Evenepoel,1.33,3.25,Brandon McNulty,Remco Evenepoel,0.99998,1.33,23,32.36,324.07
JJOO,Stefan Kung,1.33,3.25,Mikkel Bjerg,Stefan Kung,0.98692,1.33,23,32.36,324.07
JJOO,Tobias Foss,1.66,2.1,Lucas Plapp,Tobias Foss,0.82098,1.66,23,32.36,324.07
Burgos 4,Antonio Tiberi,1.8,1.9,Ivo Oliveira,Antonio Tiberi,0.76539,1.8,37,0,324.07
Burgos 4,Brandon Rivera,1.33,3.25,Roger Adria,Brandon Rivera,0.96459,1.33,37,0,324.07
Burgos 4,David De la Cruz,1.53,2.37,Callum Scotson,David De la Cruz,0.98183,1.53,37,0,324.07
Burgos 4,Eduard Dumbar,1.57,2.25,Rafal Majka,Eduard Dumbar,0.79623,1.57,37,0,324.07
Burgos 4,Edoardo Affini,1.28,3.5,Jay Vine,Edoardo Affini,0.76662,0,37,0,324.07
Burgos 4,Finn Fisher-Black,1.57,2.25,Thymen Arensman,Thymen Arensman,0.81286,0,37,0,324.07
Burgos 4,Ivan Romeo,1.44,2.62,Jasha Sutterlin,Ivan Romeo,0.61877,1.44,37,0,324.07
Burgos 4,Max Poole,1.33,3.25,Sepp Kuss,Max Poole,0.96766,1.33,37,0,324.07
Burgos 4,Txomin Juaristi,2.1,1.66,Pablo Castrillo,Pablo Castrillo,0.9245,0,37,0,324.07
Polonia 2,Aurelien Paret-Peintre,1.61,2.2,Yannis Voisard,Yannis Voisard,0.99061,2.2,28,14.17,371.62
Polonia 2,Jonas Vingegaard,1.53,2.37,Magnus Sheffield,Jonas Vingegaard,0.89603,1.53,28,14.17,371.62
Polonia 2,Lorenzo Milesi,1.66,2.1,Fred Wright,Lorenzo Milesi,0.98513,0,28,14.17,371.62
Polonia 2,Lukas Nerurkar,1.44,2.62,Thibau Nys,Thibau Nys,0.99353,0,28,14.17,371.62
Polonia 2,Mads Pedersen,1.72,2,Remi Cavagna,Mads Pedersen,0.87922,0,28,14.17,371.62
Polonia 2,Matej Mohoric,1.66,2.1,Diego Ulissi,Matej Mohoric,0.95113,0,28,14.17,371.62
Polonia 2,Peio Bilbao,1.72,2,Raul Garcia Pierna,Raul Garcia Pierna,0.7696,2,28,14.17,371.62
Polonia 2,Rafal Majka,1.53,2.37,Jakob Fuglsang,Jakob Fuglsang,0.98884,2.37,28,14.17,371.62
Polonia 2,Romain Gregoire,1.4,2.75,Mikkel Honore,Romain Gregoire,0.98227,1.4,28,14.17,371.62
Polonia 2,Tim Wellens,1.61,2.2,Maximilian Schachmann,Maximilian Schachmann,0.89173,0,28,14.17,371.62
Polonia 2,Wilco Kelderman,1.53,2.37,Felix Grossschartner,Felix Grossschartner,0.78682,2.37,28,14.17,371.62
Polonia 2,Will Barta,1.83,1.83,Tobias Foss,Tobias Foss,0.88854,1.83,28,14.17,371.62
Vuelta 1,Adam Yates,1.83,1.83,Carlos Rodriguez,Adam Yates,0.65363,1.83,25,6.27,395.17
Vuelta 1,Antonio Tiberi,1.83,1.83,Mattias Skjelmose,Mattias Skjelmose,0.98407,1.83,25,6.27,395.17
Vuelta 1,Ben O'Connor,1.66,2.1,Max Poole,Max Poole,0.84887,2.1,25,6.27,395.17
Vuelta 1,Daniel Martinez,1.83,1.83,Isaac Del Toro,Daniel Martinez,0.99224,1.83,25,6.27,395.17
Vuelta 1,Jay Vine,2.1,1.66,Brandon McNulty,Brandon McNulty,0.97962,1.66,25,6.27,395.17
Vuelta 1,Joshua Tarling,1.28,3.5,Wout Van Aert,Joshua Tarling,0.99456,0,25,6.27,395.17
Vuelta 1,Kasper Asgreen,1.83,1.83,Victor Campenaerts,Kasper Asgreen,0.94906,1.83,25,6.27,395.17
Vuelta 1,Mathias Vacek,1.53,2.37,Edoardo Affini,Edoardo Affini,0.98431,0,25,6.27,395.17
Vuelta 1,Nelson Oliveira,1.57,2.25,Bruno Armirail,Bruno Armirail,0.9999,2.25,25,6.27,395.17
Vuelta 1,Oier Lazkano,1.66,2.1,Jasha Sutterlin,Oier Lazkano,0.98705,0,25,6.27,395.17
Vuelta 1,Primoz Roglic,1.61,2.2,Joao Almeida,Joao Almeida,0.9252,0,25,6.27,395.17
Vuelta 1,Sander De Pestel,1.72,2,Darren Rafferty,Sander De Pestel,0.97086,0,25,6.27,395.17
Vuelta 1,Sepp Kuss,1.72,2,Enric Mas,Enric Mas,0.82365,0,25,6.27,395.17
Vuelta 1,Stefan Kung,1.33,3.25,Mattia Cattaneo,Stefan Kung,0.99711,1.33,25,6.27,395.17
Vuelta 1,Thymen Arensman,1.28,3.5,Tao Geoghegan Hart,Thymen Arensman,0.65061,1.28,25,6.27,395.17
Alemania 1,Danny Van Poppel,1.72,2,Tim Van Dijke,Tim Van Dijke,0.99362,0,45,3.78,410.47
Alemania 1,Filippo Ganna,1.53,2.37,Mads Pedersen,Mads Pedersen,0.93594,2.37,45,3.78,410.47
Alemania 1,Gleb Syritsa,2.62,1.44,Stefan Bissegger,Stefan Bissegger,0.99999,1.44,45,3.78,410.47
Alemania 1,Jannik Steimle,1.57,2.25,Daan Hoole,Daan Hoole,0.99573,0,45,3.78,410.47
Alemania 1,Jonathan Milan,1.53,2.37,Max Walscheid,Max Walscheid,0.9104,0,45,3.78,410.47
Alemania 1,Maikel Zijlaard,1.61,2.2,Ethan Hayter,Maikel Zijlaard,0.99915,1.61,45,3.78,410.47
Alemania 1,Marco Brenner,1.61,2.2,Georg Steinhauser,Georg Steinhauser,0.8952,2.2,45,3.78,410.47
Alemania 1,Marius Mayrhofer,1.72,2,Anthony Turgis,Marius Mayrhofer,0.5365,1.72,45,3.78,410.47
Alemania 1,Orluis Aular,2.1,1.66,Luke Lamperti,Orluis Aular,0.99607,0,45,3.78,410.47
Benelux 2,Alberto Bettiol,1.28,3.5,Geraint Thomas ,Alberto Bettiol,0.99943,1.28,32,-13.25,359.55
Benelux 2,Alec Segaert,1.61,2.2,Tobias Foss,Tobias Foss,0.95494,0,32,-13.25,359.55
Benelux 2,Ivan Romeo,1.57,2.25,Per Stand Hagenes,Ivan Romeo,0.98563,0,32,-13.25,359.55
Benelux 2,Jasper Stuyven,1.72,2,Mathieu Van Der Poel,Mathieu Van Der Poel,0.97205,2,32,-13.25,359.55
Benelux 2,Josef Cerny,1.72,2,Michael Hepburn,Josef Cerny,0.97238,1.72,32,-13.25,359.55
Benelux 2,Magnus Sheffield,1.66,2.1,Tim Wellens,Magnus Sheffield,0.72903,1.66,32,-13.25,359.55
Benelux 2,Matteo Trentin,2,1.72,Matej Mohoric,Matej Mohoric,0.9998,0,32,-13.25,359.55
Benelux 2,Max Walscheid,1.57,2.25,Ryan Mullen,Ryan Mullen,0.9927,2.25,32,-13.25,359.55
Benelux 2,Max Schachmann,1.61,2.2,Ilan Van Wilder,Ilan Van Wilder,0.98078,0,32,-13.25,359.55
Benelux 2,Nils Politt,1.5,2.5,Fred Wright,Nils Politt,0.95538,0,32,-13.25,359.55
Benelux 2,Soren Kragh Andersen,3.25,1.33,Yves Lampaert,Yves Lampaert,0.80772,0,32,-13.25,359.55
Benelux 2,Stefan Bissegger,1.5,2.5,Mikkel Bjerg,Stefan Bissegger,0.8765,1.5,32,-13.25,359.55
Vuelta 21,Ben O'Connor,1.53,2.37,Enric Mas,Ben O'Connor,0.95446,1.53,33,3.45,372.07
Vuelta 21,Brandon McNulty,2.25,1.57,Stefan Kung,Stefan Kung,0.82979,1.57,33,3.45,372.07
Vuelta 21,Bruno Armirail,1.5,2.5,Jay Vine,Jay Vine,0.62576,0,33,3.45,372.07
Vuelta 21,Eddie Dumbar,1.44,2.62,Adam Yates,Adam Yates,0.9942,0,33,3.45,372.07
Vuelta 21,Kasper Asgreen,1.72,2,Nelson Oliveira,Kasper Asgreen,0.99992,0,33,3.45,372.07
Vuelta 21,Mathias Vacek,1.66,2.1,Edoardo Affini,Edoardo Affini,0.99079,0,33,3.45,372.07
Vuelta 21,Mattias Skjelmose,1.4,2.75,Florian Lipowitz,Mattias Skjelmose,0.99969,1.4,33,3.45,372.07
Vuelta 21,Pavel Sivakov,1.4,2.75,Carlos Rodriguez,Carlos Rodriguez,0.76902,2.75,33,3.45,372.07
Vuelta 21,Primoz Roglic,1.44,2.62,Mattia Cattaneo,Primoz Roglic,0.99885,1.44,33,3.45,372.07
Vuelta 21,Richard Carapaz,1.53,2.37,David Gaudu,Richard Carapaz,0.76776,1.53,33,3.45,372.07
Vuelta 21,Victor Campenaerts,1.16,4.5,Thibault Guernalec,Victor Campenaerts,0.98636,1.16,33,3.45,372.07
Europeo,Edoardo Affini,1.33,3.25,Thymen Arensman,Edoardo Affini,0.99829,1.33,55,-40.14,217.57
Europeo,Kasper Asgreen,1.66,2.1,Daan Hoole,Kasper Asgreen,0.93828,0,55,-40.14,217.57
Europeo,Mattia Cattaneo,1.33,3.25,Mikkel Bjerg,Mikkel Bjerg,0.66801,0,55,-40.14,217.57
Europeo,Max Walscheid,1.57,2.25,Ivo Oliveira,Ivo Oliveira,0.98213,0,55,-40.14,217.57
Europeo,Raul Garcia Pierna,1.72,2,Filip Maciejuk,Raul Garcia Pierna,0.99991,1.72,55,-40.14,217.57
Europeo,Stefan Bissegger,1.36,3,Victor Campenaerts,Stefan Bissegger,0.98704,0,55,-40.14,217.57
Europeo,Stefan Kung,1.14,5,Soren Waerenskjold,Stefan Kung,0.9863,1.14,55,-40.14,217.57
Luxemburg 4,Alex Kirsch,1.72,2,Ivo Oliveira,Ivo Oliveira,0.9659,0,23,-8.7,197.55
Luxemburg 4,Christophe Laporte,2.62,1.44,Mads Pedersen,Mads Pedersen,0.91702,1.44,23,-8.7,197.55
Luxemburg 4,Finn Fisher-Black,2,1.72,Felix Grossschartner,Finn Fisher-Black,0.93056,0,23,-8.7,197.55
Luxemburg 4,Fred Wright,2,1.72,Bart Lemmen,Fred Wright,0.9911,2,23,-8.7,197.55
Luxemburg 4,Harry Sweeny,1.36,3,Logan Currie,Logan Currie,0.99947,0,23,-8.7,197.55
Luxemburg 4,Juan Ayuso,1.44,2.62,Anonio Tiberi,Juan Ayuso,0.95523,1.44,23,-8.7,197.55
Luxemburg 4,Lorenzo Milesi,1.5,2.5,Mirco Maestri,Lorenzo Milesi,0.99995,1.5,23,-8.7,197.55
Luxemburg 4,Marc Hirschi,2.5,1.5,Mathieu Van der Poel,Mathieu Van der Poel,0.90435,0,23,-8.7,197.55
Luxemburg 4,Pepijn Reinderink,1.72,2,Victor Vercouille,Pepijn Reinderink,0.80142,0,23,-8.7,197.55
Luxemburg 4,Wilco Kelderman,1.4,2.75,Will Barta,Will Barta,0.70563,2.75,23,-8.7,197.55
Mundial,Daan Hoole,1.66,2.1,Bruno Armirail,Bruno Armirail,0.93687,2.1,16,-33.08,134.02
Mundial,Derek Gee,1.66,2.1,Raul Garcia Pierna,Derek Gee,0.96542,1.66,16,-33.08,134.02
Mundial,Edoardo Affini,1.72,2,Magnus Sheffield,Magnus Sheffield,0.99852,0,16,-33.08,134.02
Mundial,Joao Almeida,1.57,2.25,Kasper Asgreen,Joao Almeida,0.97632,0,16,-33.08,134.02
Mundial,Joshua Tarling,1.28,3.5,Stefan Kung,Joshua Tarling,0.99875,1.28,16,-33.08,134.02
Mundial,Mathias Vacek,1.72,2,Victor Campenaerts,Mathias Vacek,0.99964,0,16,-33.08,134.02
Mundial,Nelson Oliveira,1.53,2.37,Maximilian Schachmann,Maximilian Schachmann,0.99125,0,16,-33.08,134.02
Mundial,Primoz Roglic,1.4,2.75,Brandon McNulty,Primoz Roglic,0.99753,0,16,-33.08,134.02
Mundial,Remco Evenepoel,1.16,4.5,Filippo Ganna,Remco Evenepoel,0.99908,1.16,16,-33.08,134.02
Mundial,Soren Waerenskjold,1.83,1.83,Stefan Bissegger,Stefan Bissegger,0.98563,0,16,-33.08,134.02
Mundial,Thibault Guernalec,1.44,2.62,Miguel Heidemann,Thibault Guernalec,0.80265,0,16,-33.08,134.02
Mundial,Tobias Foss,1.83,1.83,Mikkel Bjerg,Tobias Foss,0.74532,1.83,16,-33.08,134.02
Chrono des Nations,Thibault Guernalec,1.72,2,Miguel Heidemann,Thibault Guernalec,0.88047,1.72,21,-17.75,119.1
Chrono des Nations,Thomas Gachignard,1.83,1.83,Eddy Le Huitouze,Thomas Gachignard,0.74481,0,21,-17.75,119.1
Chrono des Nations,Johan Price-Pejtersen,1.66,2.1,Mikkel Bjerg,Mikkel Bjerg,0.61324,0,21,-17.75,119.1
Chrono des Nations,Stefan Kung,1.57,2.25,Jay Vine,Stefan Kung,0.99826,1.57,21,-17.75,119.1
Australia,Chris Harper,1.44,2.62,Kelland O'Brien,Chris Harper,0.63575,0,33,-87.4,3.75
Australia,Luke Durbridge,1.36,3,Michael Hepburn,Luke Durbridge,0.68458,0,33,-87.4,3.75
Australia,Jay Vine,1.44,2.62,Luke Plapp,Jay Vine,0.9597,0,33,-87.4,3.75
Australia,Tali Lane Welsh,1.4,2.75,Kane Richards,Kane Richards,0.98893,0,33,-87.4,3.75
Etoile de Besseges 5,Alexys Brunel,2.25,1.57,Thibault Guernalec,Thibault Guernalec,0.97514,1.57,0.5,15.33,4.2
Etoile de Besseges 5,Anthony Perez,1.80,1.9,Damien Touze,Damien Touze,0.90265,1.9,0.5,15.33,4.2
Etoile de Besseges 5,Arnaud Demare,1.61,2.2,Arnaud De Lie,Arnaud Demare,0.85492,1.61,0.5,15.33,4.2
Etoile de Besseges 5,Dylan Teuns,1.66,2.1,Kevin Geniets,Kevin Geniets,0.71846,0,0.5,15.33,4.2
Etoile de Besseges 5,Remi Cavagna,1.61,2.2,Pierre Latour,Pierre Latour,0.99567,0,0.5,15.33,4.2
Etoile de Besseges 5,Van Hemelen,1.4,2.75,Thomas Champion,Van Hemelen,0.99618,1.4,0.5,15.33,4.2
UAE 2,Bart Lemmen,1.72,2,Lennert Van Eetvelt,Bart Lemmen,0.71246,0,0.3,34.5,5.7
UAE 2,Carlos Rodriguez,1.83,1.83,Jaime Castrillo,Jaime Castrillo,0.88603,1.83,0.3,34.5,5.7
UAE 2,Finn Fisher-Black,1.22,4,Aaron Gate,Finn Fisher-Black,0.98631,1.22,0.3,34.5,5.7
UAE 2,Jay Vine,1.36,3,Ivan Romeo,Jay Vine,0.99459,1.36,0.3,34.5,5.7
UAE 2,Josef Cerny,1.72,2,Daan Hoole,Daan Hoole,0.85294,2,0.3,34.5,5.7
UAE 2,Joshua Tarling,1.1,6.5,Stefan Bissegger,Joshua Tarling,0.98166,1.1,0.3,34.5,5.7
UAE 2,Logan Currie,2.25,1.57,Luke Durbridge,Logan Currie,0.66487,0,0.3,34.5,5.7
UAE 2,Maikel Zijlaard,1.5,2.5,Alex Edmonson,Maikel Zijlaard,0.99731,1.5,0.3,34.5,5.7
UAE 2,Max Walscheid,1.57,2.25,Filip Maciejuk,Max Walscheid,0.95496,1.57,0.3,34.5,5.7
UAE 2,Michael Storer,1.61,2.2,Patrick Konrad,Patrick Konrad,0.85681,2.2,0.3,34.5,5.7
UAE 2,Mikkel Bjerg,1.72,2,Johan Price-Pejtersen,Johan Price-Pejtersen,0.62715,2,0.3,34.5,5.7
UAE 2,Peio Bilbao,1.36,3,Will Barta,Peio Bilbao,0.98969,1.36,0.3,34.5,5.7
UAE 2,Rainer Kepplinger,3.25,1.33,Bruno Armirail,Bruno Armirail,0.97985,1.33,0.3,34.5,5.7
UAE 2,Tadej Pogacar,1.36,3,Jonathan Milan,Tadej Pogacar,0.99961,1.36,0.3,34.5,5.7
Algarve 5,Antonio Morgado,1.83,1.83,Romain Gregoire,Romain Gregoire,0.90642,1.83,0.43,16.57,6.6
Algarve 5,Felix Grossschartner,1.66,2.1,Ben Tulett,Felix Grossschartner,0.89936,0,0.43,16.57,6.6
Algarve 5,Filippo Ganna,1.33,3.25,Stefan Kung,Filippo Ganna,0.72812,1.33,0.43,16.57,6.6
Algarve 5,Nils Politt,2.62,1.44,Jakob Soderqvist,Nils Politt,0.99416,0,0.43,16.57,6.6
Algarve 5,Jan Christen,1.57,2.25,Mattia Cattaneo,Jan Christen,0.64787,0,0.43,16.57,6.6
Algarve 5,Joao Almeida,1.83,1.83,Jonas Vingegaard,Jonas Vingegaard,0.5563,1.83,0.43,16.57,6.6
Algarve 5,Wout Van Aert,3,1.36,Mathias Vacek,Mathias Vacek,0.99391,0,0.43,16.57,6.6
Algarve 5,Maximilian Schachmann,1.44,2.62,Laurens De Plus,Maximilian Schachmann,0.86801,1.44,0.43,16.57,6.6
Algarve 5,Oier Lazkano,3,1.36,Jan Tratnik,Oier Lazkano,0.53318,3,0.43,16.57,6.6
Algarve 5,Primoz Roglic,1.28,3.5,Antonio Tiberi,Primoz Roglic,0.96751,0,0.43,16.57,6.6
Algarve 5,Remi Cavagna,1.22,4,Benjamin Thomas,Remi Cavagna,0.84928,1.22,0.43,16.57,6.6
Algarve 5,Tao Geoghegan Hart,1.5,2.5,Max Poole,Max Poole,0.76118,2.5,0.43,16.57,6.6
Algarve 5,Ilan Van Wilder,2,1.72,Thymen Arensman,Ilan Van Wilder,0.94395,2,0.43,16.57,6.6
Camiño 3,Artem Nych,2.2,1.61,Rafael Reis,Rafael Reis,0.6474,1.61,0.66,-38.80,4.04
Camiño 3,Davide Piganzoli,1.53,2.37,Mauri Vansevenant,Mauri Vansevenant,0.59583,0,0.66,-38.80,4.04
Camiño 3,Frederik Dversnes,1.4,2.75,Mirco Maestri,Frederik Dversnes,0.7942,1.4,0.66,-38.80,4.04
Camiño 3,Jefferson Cepeda,1.25,3.75,Eric Fagundez,Jefferson Cepeda,0.97104,0,0.66,-38.80,4.04
Camiño 3,Magnus Cort,1.22,4,Carlos Canal,Carlos Canal,0.6814,0,0.66,-38.80,4.04
Camiño 3,Marco Frigo,1.44,2.62,Jakob Fuglsang,Jakob Fuglsang,0.84543,0,0.66,-38.80,4.04
Camiño 3,Maxime Decomble,1.28,3.5,Mats Wenzel,Maxime Decomble,0.99258,1.28,0.66,-38.80,4.04
Camiño 3,Nelson Oliveira,3.5,1.28,Derek Gee,Nelson Oliveira,0.99852,0,0.66,-38.80,4.04
Camiño 3,Remy Rochas,1.83,1.83,Andreas Kron,Remy Rochas,0.80581,1.83,0.66,-38.80,4.04
Camiño 3,Txomin Juaristi,2.2,1.61,Urko Berrade,Urko Berrade,0.85313,0,0.66,-38.80,4.04
Tirreno 1,Adam Yates,1.83,1.83,Simon Yates,Simon Yates,0.88000,1.83,0.31,3.38,4.19
Tirreno 1,Antonio Tiberi,1.61,2.2,Kevin Vauquelin,Kevin Vauquelin,0.89999,0,0.31,3.38,4.19
Tirreno 1,Ben Healy,1.4,2.75,Michal Kwiatkowski,Ben Healy,0.86390,1.4,0.31,3.38,4.19
Tirreno 1,Derek Gee,2.37,1.53,Mattia Cattaneo,Derek Gee,0.88368,2.37,0.31,3.38,4.19
Tirreno 1,Filippo Ganna,1.28,3.5,Juan Ayuso,Juan Ayuso,0.93056,0,0.31,3.38,4.19
Tirreno 1,Florian Stork,1.57,2.25,Damien Howson,Florian Stork,0.95227,1.57,0.31,3.38,4.19
Tirreno 1,Isaac Del Toro,2,1.72,Laurens De Plus,Isaac Del Toro,0.94118,2,0.31,3.38,4.19
Tirreno 1,Jonathan Milan,2.2,1.61,Soren Waerenskjold,Soren Waerenskjold,0.91181,0,0.31,3.38,4.19
Tirreno 1,Josef Cerny,1.83,1.83,Johan Price-Pejtersen,Josef Cerny,0.79987,0,0.31,3.38,4.19
Tirreno 1,Maikel Zijlaard,1.33,3.25,Filip Maciejuk,Maikel Zijlaard,0.98112,1.33,0.31,3.38,4.19
Tirreno 1,Mathieu Van Der Poel,1.66,2.1,Alberto Bettiol,Alberto Bettiol,0.71991,0,0.31,3.38,4.19
Tirreno 1,Romain Gregoire,1.66,2.1,Peio Bilbao,Romain Gregoire,0.97450,1.66,0.31,3.38,4.19
Tirreno 1,Tim Van Dijke,1.28,3.5,Casper Pedersen,Tim Van Dijke,0.96969,1.28,0.31,3.38,4.19
Itzulia 1,Brandon McNulty,1.4,2.75,Victor Campenaerts,Brandon McNulty,0.95042,0,0.41,20.75,5.82
Itzulia 1,Ben Tulett,1.53,2.37,Daniel Felipe Martinez,Daniel Felipe Martinez,0.87661,2.37,0.41,20.75,5.82
Itzulia 1,Bruno Armirail,1.66,2.1,Ilan Van Wilder,Ilan Van Wilder,0.94996,2.1,0.41,20.75,5.82
Itzulia 1,Eddie Dunbar,1.53,2.37,Alex Baudin,Eddie Dunbar,0.85625,1.53,0.41,20.75,5.82
Itzulia 1,Felix Grossschartner,1.83,1.83,Alexandr Vlasov,Alexandr Vlasov,0.88510,1.83,0.41,20.75,5.82
Itzulia 1,Finn Fisher-Black,2,1.72,Ethan Hayter,Ethan Hayter,0.50827,1.72,0.41,20.75,5.82
Itzulia 1,Harold Tejada,1.61,2.2,Wilco Kelderman,Harold Tejada,0.98535,0,0.41,20.75,5.82
Itzulia 1,Joao Almeida,1.72,2,Mattias Skjelmose,Joao Almeida,0.56500,1.72,0.41,20.75,5.82
Itzulia 1,Marc Soler,1.83,1.83,Santiago Buitrago,Santiago Buitrago,0.95260,0,0.41,20.75,5.82
Itzulia 1,Maximilian Schachmann,1.5,2.5,Romain Gregoire,Maximilian Schachmann,0.85470,1.5,0.41,20.75,5.82
Itzulia 1,Oscar Onley,1.66,2.1,Enric Mas,Enric Mas,0.62159,0,0.41,20.75,5.82
Itzulia 1,Pello Bilbao,2,1.72,Florian Lipowitz,Florian Lipowitz,0.76418,1.72,0.41,20.75,5.82
Romandia 1,Arthur Kluckers,1.83,1.83,Clement Venturini,Arthur Kluckers,0.99929,1.83,0.46,1.15,6.10
Romandia 1,Darren Rafferty,1.72,2,Raul Garcia Pierna,Raul Garcia Pierna,0.88343,2,0.46,1.15,6.10
Romandia 1,Ivan Romeo,1.53,2.37,Johan Price-Pejtersen,Ivan Romeo,0.95691,1.53,0.46,1.15,6.10
Romandia 1,Jan Christen,1.57,2.25,Matteo Sobrero,Matteo Sobrero,0.99297,0,0.46,1.15,6.10
Romandia 1,Joao Almeida,1.53,2.37,Aleksandr Vlasov,Joao Almeida,0.98982,1.53,0.46,1.15,6.10
Romandia 1,Luke Plapp,1.66,2.1,Pablo Castrillo,Luke Plapp,0.82202,0,0.46,1.15,6.10
Romandia 1,Maikel Zijlaard,1.61,2.2,Ivo Oliveira,Maikel Zijlaard,0.99836,0,0.46,1.15,6.10
Romandia 1,Matthew Brennan,1.33,3.25,Henri Uhlig,Henri Uhlig,0.99583,0,0.46,1.15,6.10
Romandia 1,Milan Menten,2.37,1.53,Pavel Bittner,Pavel Bittner,0.97249,1.53,0.46,1.15,6.10
Romandia 1,Oscar Onley,2,1.72,Lennert Van Eetvelt,Oscar Onley,0.71273,0,0.46,1.15,6.10
Romandia 1,Remco Evenepoel,1.33,3.25,Jay Vine,Remco Evenepoel,0.98094,1.33,0.46,1.15,6.10
Romandia 1,Stefan Bissegger,1.4,2.75,Stefan Kung,Stefan Bissegger,0.99559,1.4,0.46,1.15,6.10
Romandia 1,Thibault Guernalec,2,1.72,Nelson Oliveira,Thibault Guernalec,0.96751,2,0.46,1.15,6.10
Romandia 6,Alexandr Vlasov,2,1.72,Thibault Guernalec,Alexandr Vlasov,0.98224,2,0.5,23.08,7.40
Romandia 6,Stefan Kung,1.14,5,Luke Plapp,Stefan Kung,0.94986,1.14,0.5,23.08,7.40
Romandia 6,Stefan Bissegger,1.28,3.5,Remi Cavagna,Stefan Bissegger,0.99794,0,0.5,23.08,7.40
Romandia 6,Remco Evenepoel,1.16,4.5,Ivan Romeo,Remco Evenepoel,0.99997,1.16,0.5,23.08,7.40
Romandia 6,Kasper Asgreen,2.2,1.61,Nelson Oliveira,Kasper Asgreen,0.9697,2.2,0.5,23.08,7.40
Romandia 6,Raul Garcia Pierna,2.5,1.5,Michael Leonard,Raul Garcia Pierna,0.92515,2.5,0.5,23.08,7.40
Romandia 6,Cristian Rodriguez,2,1.72,Mathys Rondel,Cristian Rodriguez,0.53621,0,0.5,23.08,7.40
Romandia 6,Carlos Rodriguez,1.72,2,Lenny Martinez,Carlos Rodriguez,0.52842,0,0.5,23.08,7.40
Romandia 6,Lennert Van Eetvelt,1.57,2.25,Oscar Onley,Oscar Onley,0.68965,1.57,0.5,23.08,7.40
Romandia 6,Juanpe Lopez,1.83,1.83,Lorenzo Fortunato,Juanpe Lopez,0.91333,1.83,0.5,23.08,7.40
Romandia 6,Joao Almeida,2.37,1.53,Jay Vine,Joao Almeida,0.83276,2.37,0.5,23.08,7.40
Romandia 6,Harold Tejada,1.28,3.5,Jorgen Nordhagen,Harold Tejada,0.99714,0,0.5,23.08,7.40
Giro 2,Antonio Tiberi,1.33,3.25,Isaac Del Toro,Antonio Tiberi,0.96303,0,0.49,-4.8,7.00
Giro 2,Brandon McNulty,2,1.72,Mathias Vacek,Mathias Vacek,0.99856,1.72,0.49,-4.8,7.00
Giro 2,Chris Harper,1.72,2,Michael Storer,Chris Harper,0.99978,0,0.49,-4.8,7.00
Giro 2,Derek Gee,1.28,3.5,Thymen Arensman,Thymen Arensman,0.63857,3.5,0.49,-4.8,7.00
Giro 2,Edoardo Affini,1.53,2.37,Daan Hoole,Edoardo Affini,0.96008,1.53,0.49,-4.8,7.00
Giro 2,Giulio Ciccone,1.83,1.83,Tom Pidcock,Giulio Ciccone,0.68511,0,0.49,-4.8,7.00
Giro 2,Jay Vine,1.66,2.1,Mattia Cattaneo,Jay Vine,0.95009,1.66,0.49,-4.8,7.00
Giro 2,Joshua Tarling,1.16,4.5,Ethan Hayter,Joshua Tarling,0.99163,1.16,0.49,-4.8,7.00
Giro 2,Juan Ayuso,2.25,1.57,Primoz Roglic,Juan Ayuso,0.73147,0,0.49,-4.8,7.00
Giro 2,Kasper Asgreen,1.66,2.1,Maikel Zijlaard,Kasper Asgreen,0.94303,0,0.49,-4.8,7.00
Giro 2,Lorenzo Milesi,1.57,2.25,Michael Hepburn,Lorenzo Milesi,0.96958,1.57,0.49,-4.8,7.00
Giro 2,Max Poole,1.61,2.2,Jai Hindley,Max Poole,0.65604,1.61,0.49,-4.8,7.00
Giro 2,Richard Carapaz,1.4,2.75,Egan Bernal,Egan Bernal,0.92501,0,0.49,-4.8,7.00
Giro 2,Simon Yates,1.53,2.37,Adam Yates,Simon Yates,0.98121,1.53,0.49,-4.8,7.00
Giro 2,Wout Van Aert,1.33,3.25,Mads Pedersen,Wout Van Aert,0.99822,0,0.49,-4.8,7.00
Giro 10,Xabier Mikel Azparren,2.1,1.66,Michael Hepburn,Xabier Mikel Azparren,0.97355,0,0.41,-12.29,6.12
Giro 10,Edoardo Affini,1.36,3,Daan Hoole,Edoardo Affini,0.84564,0,0.41,-12.29,6.12
Giro 10,Lorenzo Milesi,1.4,2.75,Kasper Asgreen,Kasper Asgreen,0.77955,0,0.41,-12.29,6.12
Giro 10,Joshua Tarling,1.1,6.5,Wout Van Aert,Joshua Tarling,0.97186,1.1,0.41,-12.29,6.12
Giro 10,Jay Vine,1.57,2.25,Lucas Plapp,Jay Vine,0.98407,1.57,0.41,-12.29,6.12
Giro 10,Jan Tratnik,1.83,1.83,Filippo Baroncini,Filippo Baroncini,0.96772,1.83,0.41,-12.29,6.12
Giro 10,Ethan Hayter,1.36,3,Mads Pedersen,Ethan Hayter,0.99627,1.36,0.41,-12.29,6.12
Giro 10,Mattia Cattaneo,1.14,5,Marco Frigo,Mattia Cattaneo,0.9947,1.14,0.41,-12.29,6.12
Giro 10,Max Poole,1.53,2.37,Chris Harper,Chris Harper,0.99268,0,0.41,-12.29,6.12
Giro 10,Einer Rubio,1.83,1.83,David Gaudu,David Gaudu,0.80964,1.83,0.41,-12.29,6.12
Giro 10,Thymen Arensman,1.36,3,Derek Gee,Derek Gee,0.77593,3,0.41,-12.29,6.12
Giro 10,Damiano Caruso,1.66,2.1,Adam Yates,Adam Yates,0.71876,0,0.41,-12.29,6.12
Giro 10,Mathias Vacek,1.28,3.5,Brandon McNulty,Mathias Vacek,0.99923,0,0.41,-12.29,6.12
Giro 10,Simon Yates,1.36,3,Giulio Ciccone,Simon Yates,0.99411,1.36,0.41,-12.29,6.12
Giro 10,Richard Carapaz,1.72,2,Egan Bernal,Egan Bernal,0.62834,0,0.41,-12.29,6.12
Giro 10,Juan Ayuso,2.1,1.66,Primoz Roglic,Juan Ayuso,0.86384,0,0.41,-12.29,6.12
Giro 10,Isaac Del Toro,2,1.72,Antonio Tiberi,Antonio Tiberi,0.97739,1.72,0.41,-12.29,6.12
